DATAFLOW,LAST UPDATE,freq,nrg_bal,unit,geo,TIME_PERIOD,OBS_VALUE,OBS_FLAG
ESTAT:NRG_IND_REN$DEFAULTVIEW(1.0),01/02/22 23:00:00,A,REN,PC,AL,2011,31.187,
ESTAT:NRG_IND_REN$DEFAULTVIEW(1.0),01/02/22 23:00:00,A,REN,PC,AL,2012,35.152,
ESTAT:NRG_IND_REN$DEFAULTVIEW(1.0),01/02/22 23:00:00,A,REN,PC,AL,2013,33.167,
ESTAT:NRG_IND_REN$DEFAULTVIEW(1.0),01/02/22 23:00:00,A,REN,PC,AL,2014,31.856,
ESTAT:NRG_IND_REN$DEFAULTVIEW(1.0),01/02/22 23:00:00,A,REN,PC,AL,2015,34.913,
ESTAT:NRG_IND_REN$DEFAULTVIEW(1.0),01/02/22 23:00:00,A,REN,PC,AL,2016,36.953,
ESTAT:NRG_IND_REN$DEFAULTVIEW(1.0),01/02/22 23:00:00,A,REN,PC,AL,2017,35.777,
ESTAT:NRG_IND_REN$DEFAULTVIEW(1.0),01/02/22 23:00:00,A,REN,PC,AL,2018,36.572,
ESTAT:NRG_IND_REN$DEFAULTVIEW(1.0),01/02/22 23:00:00,A,REN,PC,AL,2019,38.042,
ESTAT:NRG_IND_REN$DEFAULTVIEW(1.0),01/02/22 23:00:00,A,REN,PC,AL,2020,45.015,
ESTAT:NRG_IND_REN$DEFAULTVIEW(1.0),01/02/22 23:00:00,A,REN,PC,AT,2011,31.552,
ESTAT:NRG_IND_REN$DEFAULTVIEW(1.0),01/02/22 23:00:00,A,REN,PC,AT,2012,32.734,
ESTAT:NRG_IND_REN$DEFAULTVIEW(1.0),01/02/22 23:00:00,A,REN,PC,AT,2013,32.665,
ESTAT:NRG_IND_REN$DEFAULTVIEW(1.0),01/02/22 23:00:00,A,REN,PC,AT,2014,33.550,
ESTAT:NRG_IND_REN$DEFAULTVIEW(1.0),01/02/22 23:00:00,A,REN,PC,AT,2015,33.498,
ESTAT:NRG_IND_REN$DEFAULTVIEW(1.0),01/02/22 23:00:00,A,REN,PC,AT,2016,33.370,
ESTAT:NRG_IND_REN$DEFAULTVIEW(1.0),01/02/22 23:00:00,A,REN,PC,AT,2017,33.137,
ESTAT:NRG_IND_REN$DEFAULTVIEW(1.0),01/02/22 23:00:00,A,REN,PC,AT,2018,33.784,
ESTAT:NRG_IND_REN$DEFAULTVIEW(1.0),01/02/22 23:00:00,A,REN,PC,AT,2019,33.755,
ESTAT:NRG_IND_REN$DEFAULTVIEW(1.0),01/02/22 23:00:00,A,REN,PC,AT,2020,36.545,
ESTAT:NRG_IND_REN$DEFAULTVIEW(1.0),01/02/22 23:00:00,A,REN,PC,BA,2011,17.995,
ESTAT:NRG_IND_REN$DEFAULTVIEW(1.0),01/02/22 23:00:00,A,REN,PC,BA,2012,18.014,
ESTAT:NRG_IND_REN$DEFAULTVIEW(1.0),01/02/22 23:00:00,A,REN,PC,BA,2013,19.307,
ESTAT:NRG_IND_REN$DEFAULTVIEW(1.0),01/02/22 23:00:00,A,REN,PC,BA,2014,24.873,
ESTAT:NRG_IND_REN$DEFAULTVIEW(1.0),01/02/22 23:00:00,A,REN,PC,BA,2015,26.607,
ESTAT:NRG_IND_REN$DEFAULTVIEW(1.0),01/02/22 23:00:00,A,REN,PC,BA,2016,25.358,
ESTAT:NRG_IND_REN$DEFAULTVIEW(1.0),01/02/22 23:00:00,A,REN,PC,BA,2017,23.241,
ESTAT:NRG_IND_REN$DEFAULTVIEW(1.0),01/02/22 23:00:00,A,REN,PC,BA,2018,35.972,
ESTAT:NRG_IND_REN$DEFAULTVIEW(1.0),01/02/22 23:00:00,A,REN,PC,BA,2019,37.578,
ESTAT:NRG_IND_REN$DEFAULTVIEW(1.0),01/02/22 23:00:00,A,REN,PC,BE,2011,6.302,
ESTAT:NRG_IND_REN$DEFAULTVIEW(1.0),01/02/22 23:00:00,A,REN,PC,BE,2012,7.086,
ESTAT:NRG_IND_REN$DEFAULTVIEW(1.0),01/02/22 23:00:00,A,REN,PC,BE,2013,7.671,
ESTAT:NRG_IND_REN$DEFAULTVIEW(1.0),01/02/22 23:00:00,A,REN,PC,BE,2014,8.038,
ESTAT:NRG_IND_REN$DEFAULTVIEW(1.0),01/02/22 23:00:00,A,REN,PC,BE,2015,8.060,
ESTAT:NRG_IND_REN$DEFAULTVIEW(1.0),01/02/22 23:00:00,A,REN,PC,BE,2016,8.744,
ESTAT:NRG_IND_REN$DEFAULTVIEW(1.0),01/02/22 23:00:00,A,REN,PC,BE,2017,9.136,
ESTAT:NRG_IND_REN$DEFAULTVIEW(1.0),01/02/22 23:00:00,A,REN,PC,BE,2018,9.472,
ESTAT:NRG_IND_REN$DEFAULTVIEW(1.0),01/02/22 23:00:00,A,REN,PC,BE,2019,9.929,
ESTAT:NRG_IND_REN$DEFAULTVIEW(1.0),01/02/22 23:00:00,A,REN,PC,BE,2020,13.000,
ESTAT:NRG_IND_REN$DEFAULTVIEW(1.0),01/02/22 23:00:00,A,REN,PC,BG,2011,14.152,
ESTAT:NRG_IND_REN$DEFAULTVIEW(1.0),01/02/22 23:00:00,A,REN,PC,BG,2012,15.837,
ESTAT:NRG_IND_REN$DEFAULTVIEW(1.0),01/02/22 23:00:00,A,REN,PC,BG,2013,18.898,
ESTAT:NRG_IND_REN$DEFAULTVIEW(1.0),01/02/22 23:00:00,A,REN,PC,BG,2014,18.050,
ESTAT:NRG_IND_REN$DEFAULTVIEW(1.0),01/02/22 23:00:00,A,REN,PC,BG,2015,18.261,
ESTAT:NRG_IND_REN$DEFAULTVIEW(1.0),01/02/22 23:00:00,A,REN,PC,BG,2016,18.760,
ESTAT:NRG_IND_REN$DEFAULTVIEW(1.0),01/02/22 23:00:00,A,REN,PC,BG,2017,18.695,
ESTAT:NRG_IND_REN$DEFAULTVIEW(1.0),01/02/22 23:00:00,A,REN,PC,BG,2018,20.581,
ESTAT:NRG_IND_REN$DEFAULTVIEW(1.0),01/02/22 23:00:00,A,REN,PC,BG,2019,21.546,
ESTAT:NRG_IND_REN$DEFAULTVIEW(1.0),01/02/22 23:00:00,A,REN,PC,BG,2020,23.319,
ESTAT:NRG_IND_REN$DEFAULTVIEW(1.0),01/02/22 23:00:00,A,REN,PC,CY,2011,6.245,
ESTAT:NRG_IND_REN$DEFAULTVIEW(1.0),01/02/22 23:00:00,A,REN,PC,CY,2012,7.111,
ESTAT:NRG_IND_REN$DEFAULTVIEW(1.0),01/02/22 23:00:00,A,REN,PC,CY,2013,8.428,
ESTAT:NRG_IND_REN$DEFAULTVIEW(1.0),01/02/22 23:00:00,A,REN,PC,CY,2014,9.144,
ESTAT:NRG_IND_REN$DEFAULTVIEW(1.0),01/02/22 23:00:00,A,REN,PC,CY,2015,9.903,
ESTAT:NRG_IND_REN$DEFAULTVIEW(1.0),01/02/22 23:00:00,A,REN,PC,CY,2016,9.833,
ESTAT:NRG_IND_REN$DEFAULTVIEW(1.0),01/02/22 23:00:00,A,REN,PC,CY,2017,10.478,
ESTAT:NRG_IND_REN$DEFAULTVIEW(1.0),01/02/22 23:00:00,A,REN,PC,CY,2018,13.873,
ESTAT:NRG_IND_REN$DEFAULTVIEW(1.0),01/02/22 23:00:00,A,REN,PC,CY,2019,13.777,
ESTAT:NRG_IND_REN$DEFAULTVIEW(1.0),01/02/22 23:00:00,A,REN,PC,CY,2020,16.879,
ESTAT:NRG_IND_REN$DEFAULTVIEW(1.0),01/02/22 23:00:00,A,REN,PC,CZ,2011,10.945,
ESTAT:NRG_IND_REN$DEFAULTVIEW(1.0),01/02/22 23:00:00,A,REN,PC,CZ,2012,12.814,
ESTAT:NRG_IND_REN$DEFAULTVIEW(1.0),01/02/22 23:00:00,A,REN,PC,CZ,2013,13.927,
ESTAT:NRG_IND_REN$DEFAULTVIEW(1.0),01/02/22 23:00:00,A,REN,PC,CZ,2014,15.074,
ESTAT:NRG_IND_REN$DEFAULTVIEW(1.0),01/02/22 23:00:00,A,REN,PC,CZ,2015,15.070,
ESTAT:NRG_IND_REN$DEFAULTVIEW(1.0),01/02/22 23:00:00,A,REN,PC,CZ,2016,14.926,
ESTAT:NRG_IND_REN$DEFAULTVIEW(1.0),01/02/22 23:00:00,A,REN,PC,CZ,2017,14.799,
ESTAT:NRG_IND_REN$DEFAULTVIEW(1.0),01/02/22 23:00:00,A,REN,PC,CZ,2018,15.140,
ESTAT:NRG_IND_REN$DEFAULTVIEW(1.0),01/02/22 23:00:00,A,REN,PC,CZ,2019,16.239,
ESTAT:NRG_IND_REN$DEFAULTVIEW(1.0),01/02/22 23:00:00,A,REN,PC,CZ,2020,17.303,
ESTAT:NRG_IND_REN$DEFAULTVIEW(1.0),01/02/22 23:00:00,A,REN,PC,DE,2011,12.470,
ESTAT:NRG_IND_REN$DEFAULTVIEW(1.0),01/02/22 23:00:00,A,REN,PC,DE,2012,13.549,
ESTAT:NRG_IND_REN$DEFAULTVIEW(1.0),01/02/22 23:00:00,A,REN,PC,DE,2013,13.760,
ESTAT:NRG_IND_REN$DEFAULTVIEW(1.0),01/02/22 23:00:00,A,REN,PC,DE,2014,14.385,
ESTAT:NRG_IND_REN$DEFAULTVIEW(1.0),01/02/22 23:00:00,A,REN,PC,DE,2015,14.906,
ESTAT:NRG_IND_REN$DEFAULTVIEW(1.0),01/02/22 23:00:00,A,REN,PC,DE,2016,14.889,
ESTAT:NRG_IND_REN$DEFAULTVIEW(1.0),01/02/22 23:00:00,A,REN,PC,DE,2017,15.476,
ESTAT:NRG_IND_REN$DEFAULTVIEW(1.0),01/02/22 23:00:00,A,REN,PC,DE,2018,16.660,
ESTAT:NRG_IND_REN$DEFAULTVIEW(1.0),01/02/22 23:00:00,A,REN,PC,DE,2019,17.266,
ESTAT:NRG_IND_REN$DEFAULTVIEW(1.0),01/02/22 23:00:00,A,REN,PC,DE,2020,19.312,
ESTAT:NRG_IND_REN$DEFAULTVIEW(1.0),01/02/22 23:00:00,A,REN,PC,DK,2011,23.389,
ESTAT:NRG_IND_REN$DEFAULTVIEW(1.0),01/02/22 23:00:00,A,REN,PC,DK,2012,25.465,
ESTAT:NRG_IND_REN$DEFAULTVIEW(1.0),01/02/22 23:00:00,A,REN,PC,DK,2013,27.173,
ESTAT:NRG_IND_REN$DEFAULTVIEW(1.0),01/02/22 23:00:00,A,REN,PC,DK,2014,29.310,
ESTAT:NRG_IND_REN$DEFAULTVIEW(1.0),01/02/22 23:00:00,A,REN,PC,DK,2015,30.469,
ESTAT:NRG_IND_REN$DEFAULTVIEW(1.0),01/02/22 23:00:00,A,REN,PC,DK,2016,31.715,
ESTAT:NRG_IND_REN$DEFAULTVIEW(1.0),01/02/22 23:00:00,A,REN,PC,DK,2017,34.387,
ESTAT:NRG_IND_REN$DEFAULTVIEW(1.0),01/02/22 23:00:00,A,REN,PC,DK,2018,35.160,
ESTAT:NRG_IND_REN$DEFAULTVIEW(1.0),01/02/22 23:00:00,A,REN,PC,DK,2019,37.020,
ESTAT:NRG_IND_REN$DEFAULTVIEW(1.0),01/02/22 23:00:00,A,REN,PC,DK,2020,31.648,
ESTAT:NRG_IND_REN$DEFAULTVIEW(1.0),01/02/22 23:00:00,A,REN,PC,EA19,2011,13.114,
ESTAT:NRG_IND_REN$DEFAULTVIEW(1.0),01/02/22 23:00:00,A,REN,PC,EA19,2012,14.604,
ESTAT:NRG_IND_REN$DEFAULTVIEW(1.0),01/02/22 23:00:00,A,REN,PC,EA19,2013,15.228,
ESTAT:NRG_IND_REN$DEFAULTVIEW(1.0),01/02/22 23:00:00,A,REN,PC,EA19,2014,16.032,
ESTAT:NRG_IND_REN$DEFAULTVIEW(1.0),01/02/22 23:00:00,A,REN,PC,EA19,2015,16.439,
ESTAT:NRG_IND_REN$DEFAULTVIEW(1.0),01/02/22 23:00:00,A,REN,PC,EA19,2016,16.651,
ESTAT:NRG_IND_REN$DEFAULTVIEW(1.0),01/02/22 23:00:00,A,REN,PC,EA19,2017,17.222,
ESTAT:NRG_IND_REN$DEFAULTVIEW(1.0),01/02/22 23:00:00,A,REN,PC,EA19,2018,17.719,
ESTAT:NRG_IND_REN$DEFAULTVIEW(1.0),01/02/22 23:00:00,A,REN,PC,EA19,2019,18.499,
ESTAT:NRG_IND_REN$DEFAULTVIEW(1.0),01/02/22 23:00:00,A,REN,PC,EA19,2020,20.951,
ESTAT:NRG_IND_REN$DEFAULTVIEW(1.0),01/02/22 23:00:00,A,REN,PC,EE,2011,25.515,
ESTAT:NRG_IND_REN$DEFAULTVIEW(1.0),01/02/22 23:00:00,A,REN,PC,EE,2012,25.586,
ESTAT:NRG_IND_REN$DEFAULTVIEW(1.0),01/02/22 23:00:00,A,REN,PC,EE,2013,25.356,
ESTAT:NRG_IND_REN$DEFAULTVIEW(1.0),01/02/22 23:00:00,A,REN,PC,EE,2014,26.130,
ESTAT:NRG_IND_REN$DEFAULTVIEW(1.0),01/02/22 23:00:00,A,REN,PC,EE,2015,28.987,
ESTAT:NRG_IND_REN$DEFAULTVIEW(1.0),01/02/22 23:00:00,A,REN,PC,EE,2016,29.232,
ESTAT:NRG_IND_REN$DEFAULTVIEW(1.0),01/02/22 23:00:00,A,REN,PC,EE,2017,29.538,
ESTAT:NRG_IND_REN$DEFAULTVIEW(1.0),01/02/22 23:00:00,A,REN,PC,EE,2018,29.970,
ESTAT:NRG_IND_REN$DEFAULTVIEW(1.0),01/02/22 23:00:00,A,REN,PC,EE,2019,31.730,
ESTAT:NRG_IND_REN$DEFAULTVIEW(1.0),01/02/22 23:00:00,A,REN,PC,EE,2020,30.069,
ESTAT:NRG_IND_REN$DEFAULTVIEW(1.0),01/02/22 23:00:00,A,REN,PC,EL,2011,11.153,
ESTAT:NRG_IND_REN$DEFAULTVIEW(1.0),01/02/22 23:00:00,A,REN,PC,EL,2012,13.741,
ESTAT:NRG_IND_REN$DEFAULTVIEW(1.0),01/02/22 23:00:00,A,REN,PC,EL,2013,15.326,
ESTAT:NRG_IND_REN$DEFAULTVIEW(1.0),01/02/22 23:00:00,A,REN,PC,EL,2014,15.683,
ESTAT:NRG_IND_REN$DEFAULTVIEW(1.0),01/02/22 23:00:00,A,REN,PC,EL,2015,15.690,
ESTAT:NRG_IND_REN$DEFAULTVIEW(1.0),01/02/22 23:00:00,A,REN,PC,EL,2016,15.391,
ESTAT:NRG_IND_REN$DEFAULTVIEW(1.0),01/02/22 23:00:00,A,REN,PC,EL,2017,17.300,
ESTAT:NRG_IND_REN$DEFAULTVIEW(1.0),01/02/22 23:00:00,A,REN,PC,EL,2018,18.001,
ESTAT:NRG_IND_REN$DEFAULTVIEW(1.0),01/02/22 23:00:00,A,REN,PC,EL,2019,19.633,
ESTAT:NRG_IND_REN$DEFAULTVIEW(1.0),01/02/22 23:00:00,A,REN,PC,EL,2020,21.749,
ESTAT:NRG_IND_REN$DEFAULTVIEW(1.0),01/02/22 23:00:00,A,REN,PC,ES,2011,13.176,
ESTAT:NRG_IND_REN$DEFAULTVIEW(1.0),01/02/22 23:00:00,A,REN,PC,ES,2012,14.239,
ESTAT:NRG_IND_REN$DEFAULTVIEW(1.0),01/02/22 23:00:00,A,REN,PC,ES,2013,15.081,
ESTAT:NRG_IND_REN$DEFAULTVIEW(1.0),01/02/22 23:00:00,A,REN,PC,ES,2014,15.880,
ESTAT:NRG_IND_REN$DEFAULTVIEW(1.0),01/02/22 23:00:00,A,REN,PC,ES,2015,16.221,
ESTAT:NRG_IND_REN$DEFAULTVIEW(1.0),01/02/22 23:00:00,A,REN,PC,ES,2016,17.015,
ESTAT:NRG_IND_REN$DEFAULTVIEW(1.0),01/02/22 23:00:00,A,REN,PC,ES,2017,17.118,
ESTAT:NRG_IND_REN$DEFAULTVIEW(1.0),01/02/22 23:00:00,A,REN,PC,ES,2018,17.023,
ESTAT:NRG_IND_REN$DEFAULTVIEW(1.0),01/02/22 23:00:00,A,REN,PC,ES,2019,17.852,
ESTAT:NRG_IND_REN$DEFAULTVIEW(1.0),01/02/22 23:00:00,A,REN,PC,ES,2020,21.220,
ESTAT:NRG_IND_REN$DEFAULTVIEW(1.0),01/02/22 23:00:00,A,REN,PC,EU27_2020,2011,14.547,
ESTAT:NRG_IND_REN$DEFAULTVIEW(1.0),01/02/22 23:00:00,A,REN,PC,EU27_2020,2012,16.002,
ESTAT:NRG_IND_REN$DEFAULTVIEW(1.0),01/02/22 23:00:00,A,REN,PC,EU27_2020,2013,16.660,
ESTAT:NRG_IND_REN$DEFAULTVIEW(1.0),01/02/22 23:00:00,A,REN,PC,EU27_2020,2014,17.417,
ESTAT:NRG_IND_REN$DEFAULTVIEW(1.0),01/02/22 23:00:00,A,REN,PC,EU27_2020,2015,17.821,
ESTAT:NRG_IND_REN$DEFAULTVIEW(1.0),01/02/22 23:00:00,A,REN,PC,EU27_2020,2016,17.980,
ESTAT:NRG_IND_REN$DEFAULTVIEW(1.0),01/02/22 23:00:00,A,REN,PC,EU27_2020,2017,18.412,
ESTAT:NRG_IND_REN$DEFAULTVIEW(1.0),01/02/22 23:00:00,A,REN,PC,EU27_2020,2018,19.096,
ESTAT:NRG_IND_REN$DEFAULTVIEW(1.0),01/02/22 23:00:00,A,REN,PC,EU27_2020,2019,19.885,
ESTAT:NRG_IND_REN$DEFAULTVIEW(1.0),01/02/22 23:00:00,A,REN,PC,EU27_2020,2020,22.089,
ESTAT:NRG_IND_REN$DEFAULTVIEW(1.0),01/02/22 23:00:00,A,REN,PC,FI,2011,32.532,
ESTAT:NRG_IND_REN$DEFAULTVIEW(1.0),01/02/22 23:00:00,A,REN,PC,FI,2012,34.222,
ESTAT:NRG_IND_REN$DEFAULTVIEW(1.0),01/02/22 23:00:00,A,REN,PC,FI,2013,36.630,
ESTAT:NRG_IND_REN$DEFAULTVIEW(1.0),01/02/22 23:00:00,A,REN,PC,FI,2014,38.632,
ESTAT:NRG_IND_REN$DEFAULTVIEW(1.0),01/02/22 23:00:00,A,REN,PC,FI,2015,39.228,
ESTAT:NRG_IND_REN$DEFAULTVIEW(1.0),01/02/22 23:00:00,A,REN,PC,FI,2016,38.942,
ESTAT:NRG_IND_REN$DEFAULTVIEW(1.0),01/02/22 23:00:00,A,REN,PC,FI,2017,40.855,
ESTAT:NRG_IND_REN$DEFAULTVIEW(1.0),01/02/22 23:00:00,A,REN,PC,FI,2018,41.182,
ESTAT:NRG_IND_REN$DEFAULTVIEW(1.0),01/02/22 23:00:00,A,REN,PC,FI,2019,42.723,
ESTAT:NRG_IND_REN$DEFAULTVIEW(1.0),01/02/22 23:00:00,A,REN,PC,FI,2020,43.802,
ESTAT:NRG_IND_REN$DEFAULTVIEW(1.0),01/02/22 23:00:00,A,REN,PC,FR,2011,10.813,
ESTAT:NRG_IND_REN$DEFAULTVIEW(1.0),01/02/22 23:00:00,A,REN,PC,FR,2012,13.239,
ESTAT:NRG_IND_REN$DEFAULTVIEW(1.0),01/02/22 23:00:00,A,REN,PC,FR,2013,13.880,
ESTAT:NRG_IND_REN$DEFAULTVIEW(1.0),01/02/22 23:00:00,A,REN,PC,FR,2014,14.362,
ESTAT:NRG_IND_REN$DEFAULTVIEW(1.0),01/02/22 23:00:00,A,REN,PC,FR,2015,14.803,
ESTAT:NRG_IND_REN$DEFAULTVIEW(1.0),01/02/22 23:00:00,A,REN,PC,FR,2016,15.451,
ESTAT:NRG_IND_REN$DEFAULTVIEW(1.0),01/02/22 23:00:00,A,REN,PC,FR,2017,15.847,
ESTAT:NRG_IND_REN$DEFAULTVIEW(1.0),01/02/22 23:00:00,A,REN,PC,FR,2018,16.384,
ESTAT:NRG_IND_REN$DEFAULTVIEW(1.0),01/02/22 23:00:00,A,REN,PC,FR,2019,17.174,
ESTAT:NRG_IND_REN$DEFAULTVIEW(1.0),01/02/22 23:00:00,A,REN,PC,FR,2020,19.109,
ESTAT:NRG_IND_REN$DEFAULTVIEW(1.0),01/02/22 23:00:00,A,REN,PC,HR,2011,25.389,
ESTAT:NRG_IND_REN$DEFAULTVIEW(1.0),01/02/22 23:00:00,A,REN,PC,HR,2012,26.757,
ESTAT:NRG_IND_REN$DEFAULTVIEW(1.0),01/02/22 23:00:00,A,REN,PC,HR,2013,28.040,
ESTAT:NRG_IND_REN$DEFAULTVIEW(1.0),01/02/22 23:00:00,A,REN,PC,HR,2014,27.817,
ESTAT:NRG_IND_REN$DEFAULTVIEW(1.0),01/02/22 23:00:00,A,REN,PC,HR,2015,28.969,
ESTAT:NRG_IND_REN$DEFAULTVIEW(1.0),01/02/22 23:00:00,A,REN,PC,HR,2016,28.266,
ESTAT:NRG_IND_REN$DEFAULTVIEW(1.0),01/02/22 23:00:00,A,REN,PC,HR,2017,27.280,
ESTAT:NRG_IND_REN$DEFAULTVIEW(1.0),01/02/22 23:00:00,A,REN,PC,HR,2018,28.047,
ESTAT:NRG_IND_REN$DEFAULTVIEW(1.0),01/02/22 23:00:00,A,REN,PC,HR,2019,28.466,
ESTAT:NRG_IND_REN$DEFAULTVIEW(1.0),01/02/22 23:00:00,A,REN,PC,HR,2020,31.023,
ESTAT:NRG_IND_REN$DEFAULTVIEW(1.0),01/02/22 23:00:00,A,REN,PC,HU,2011,13.972,
ESTAT:NRG_IND_REN$DEFAULTVIEW(1.0),01/02/22 23:00:00,A,REN,PC,HU,2012,15.530,
ESTAT:NRG_IND_REN$DEFAULTVIEW(1.0),01/02/22 23:00:00,A,REN,PC,HU,2013,16.205,
ESTAT:NRG_IND_REN$DEFAULTVIEW(1.0),01/02/22 23:00:00,A,REN,PC,HU,2014,14.618,
ESTAT:NRG_IND_REN$DEFAULTVIEW(1.0),01/02/22 23:00:00,A,REN,PC,HU,2015,14.495,
ESTAT:NRG_IND_REN$DEFAULTVIEW(1.0),01/02/22 23:00:00,A,REN,PC,HU,2016,14.377,
ESTAT:NRG_IND_REN$DEFAULTVIEW(1.0),01/02/22 23:00:00,A,REN,PC,HU,2017,13.556,
ESTAT:NRG_IND_REN$DEFAULTVIEW(1.0),01/02/22 23:00:00,A,REN,PC,HU,2018,12.549,
ESTAT:NRG_IND_REN$DEFAULTVIEW(1.0),01/02/22 23:00:00,A,REN,PC,HU,2019,12.634,
ESTAT:NRG_IND_REN$DEFAULTVIEW(1.0),01/02/22 23:00:00,A,REN,PC,HU,2020,13.850,
ESTAT:NRG_IND_REN$DEFAULTVIEW(1.0),01/02/22 23:00:00,A,REN,PC,IE,2011,6.605,
ESTAT:NRG_IND_REN$DEFAULTVIEW(1.0),01/02/22 23:00:00,A,REN,PC,IE,2012,7.029,
ESTAT:NRG_IND_REN$DEFAULTVIEW(1.0),01/02/22 23:00:00,A,REN,PC,IE,2013,7.521,
ESTAT:NRG_IND_REN$DEFAULTVIEW(1.0),01/02/22 23:00:00,A,REN,PC,IE,2014,8.516,
ESTAT:NRG_IND_REN$DEFAULTVIEW(1.0),01/02/22 23:00:00,A,REN,PC,IE,2015,9.083,
ESTAT:NRG_IND_REN$DEFAULTVIEW(1.0),01/02/22 23:00:00,A,REN,PC,IE,2016,9.189,
ESTAT:NRG_IND_REN$DEFAULTVIEW(1.0),01/02/22 23:00:00,A,REN,PC,IE,2017,10.520,
ESTAT:NRG_IND_REN$DEFAULTVIEW(1.0),01/02/22 23:00:00,A,REN,PC,IE,2018,10.942,
ESTAT:NRG_IND_REN$DEFAULTVIEW(1.0),01/02/22 23:00:00,A,REN,PC,IE,2019,11.979,
ESTAT:NRG_IND_REN$DEFAULTVIEW(1.0),01/02/22 23:00:00,A,REN,PC,IE,2020,16.160,
ESTAT:NRG_IND_REN$DEFAULTVIEW(1.0),01/02/22 23:00:00,A,REN,PC,IS,2011,72.298,
ESTAT:NRG_IND_REN$DEFAULTVIEW(1.0),01/02/22 23:00:00,A,REN,PC,IS,2012,73.727,
ESTAT:NRG_IND_REN$DEFAULTVIEW(1.0),01/02/22 23:00:00,A,REN,PC,IS,2013,73.788,
ESTAT:NRG_IND_REN$DEFAULTVIEW(1.0),01/02/22 23:00:00,A,REN,PC,IS,2014,73.043,
ESTAT:NRG_IND_REN$DEFAULTVIEW(1.0),01/02/22 23:00:00,A,REN,PC,IS,2015,71.949,
ESTAT:NRG_IND_REN$DEFAULTVIEW(1.0),01/02/22 23:00:00,A,REN,PC,IS,2016,75.329,
ESTAT:NRG_IND_REN$DEFAULTVIEW(1.0),01/02/22 23:00:00,A,REN,PC,IS,2017,74.104,
ESTAT:NRG_IND_REN$DEFAULTVIEW(1.0),01/02/22 23:00:00,A,REN,PC,IS,2018,77.173,
ESTAT:NRG_IND_REN$DEFAULTVIEW(1.0),01/02/22 23:00:00,A,REN,PC,IS,2019,78.612,
ESTAT:NRG_IND_REN$DEFAULTVIEW(1.0),01/02/22 23:00:00,A,REN,PC,IS,2020,83.725,
ESTAT:NRG_IND_REN$DEFAULTVIEW(1.0),01/02/22 23:00:00,A,REN,PC,IT,2011,12.881,
ESTAT:NRG_IND_REN$DEFAULTVIEW(1.0),01/02/22 23:00:00,A,REN,PC,IT,2012,15.441,
ESTAT:NRG_IND_REN$DEFAULTVIEW(1.0),01/02/22 23:00:00,A,REN,PC,IT,2013,16.741,
ESTAT:NRG_IND_REN$DEFAULTVIEW(1.0),01/02/22 23:00:00,A,REN,PC,IT,2014,17.082,
ESTAT:NRG_IND_REN$DEFAULTVIEW(1.0),01/02/22 23:00:00,A,REN,PC,IT,2015,17.526,
ESTAT:NRG_IND_REN$DEFAULTVIEW(1.0),01/02/22 23:00:00,A,REN,PC,IT,2016,17.415,
ESTAT:NRG_IND_REN$DEFAULTVIEW(1.0),01/02/22 23:00:00,A,REN,PC,IT,2017,18.267,
ESTAT:NRG_IND_REN$DEFAULTVIEW(1.0),01/02/22 23:00:00,A,REN,PC,IT,2018,17.796,
ESTAT:NRG_IND_REN$DEFAULTVIEW(1.0),01/02/22 23:00:00,A,REN,PC,IT,2019,18.181,
ESTAT:NRG_IND_REN$DEFAULTVIEW(1.0),01/02/22 23:00:00,A,REN,PC,IT,2020,20.359,
ESTAT:NRG_IND_REN$DEFAULTVIEW(1.0),01/02/22 23:00:00,A,REN,PC,LT,2011,19.943,
ESTAT:NRG_IND_REN$DEFAULTVIEW(1.0),01/02/22 23:00:00,A,REN,PC,LT,2012,21.437,
ESTAT:NRG_IND_REN$DEFAULTVIEW(1.0),01/02/22 23:00:00,A,REN,PC,LT,2013,22.689,
ESTAT:NRG_IND_REN$DEFAULTVIEW(1.0),01/02/22 23:00:00,A,REN,PC,LT,2014,23.592,
ESTAT:NRG_IND_REN$DEFAULTVIEW(1.0),01/02/22 23:00:00,A,REN,PC,LT,2015,25.748,
ESTAT:NRG_IND_REN$DEFAULTVIEW(1.0),01/02/22 23:00:00,A,REN,PC,LT,2016,25.613,
ESTAT:NRG_IND_REN$DEFAULTVIEW(1.0),01/02/22 23:00:00,A,REN,PC,LT,2017,26.038,
ESTAT:NRG_IND_REN$DEFAULTVIEW(1.0),01/02/22 23:00:00,A,REN,PC,LT,2018,24.695,
ESTAT:NRG_IND_REN$DEFAULTVIEW(1.0),01/02/22 23:00:00,A,REN,PC,LT,2019,25.475,
ESTAT:NRG_IND_REN$DEFAULTVIEW(1.0),01/02/22 23:00:00,A,REN,PC,LT,2020,26.773,
ESTAT:NRG_IND_REN$DEFAULTVIEW(1.0),01/02/22 23:00:00,A,REN,PC,LU,2011,2.855,
ESTAT:NRG_IND_REN$DEFAULTVIEW(1.0),01/02/22 23:00:00,A,REN,PC,LU,2012,3.112,
ESTAT:NRG_IND_REN$DEFAULTVIEW(1.0),01/02/22 23:00:00,A,REN,PC,LU,2013,3.494,
ESTAT:NRG_IND_REN$DEFAULTVIEW(1.0),01/02/22 23:00:00,A,REN,PC,LU,2014,4.471,
ESTAT:NRG_IND_REN$DEFAULTVIEW(1.0),01/02/22 23:00:00,A,REN,PC,LU,2015,4.987,
ESTAT:NRG_IND_REN$DEFAULTVIEW(1.0),01/02/22 23:00:00,A,REN,PC,LU,2016,5.364,
ESTAT:NRG_IND_REN$DEFAULTVIEW(1.0),01/02/22 23:00:00,A,REN,PC,LU,2017,6.194,
ESTAT:NRG_IND_REN$DEFAULTVIEW(1.0),01/02/22 23:00:00,A,REN,PC,LU,2018,8.942,
ESTAT:NRG_IND_REN$DEFAULTVIEW(1.0),01/02/22 23:00:00,A,REN,PC,LU,2019,7.046,
ESTAT:NRG_IND_REN$DEFAULTVIEW(1.0),01/02/22 23:00:00,A,REN,PC,LU,2020,11.699,
ESTAT:NRG_IND_REN$DEFAULTVIEW(1.0),01/02/22 23:00:00,A,REN,PC,LV,2011,33.478,
ESTAT:NRG_IND_REN$DEFAULTVIEW(1.0),01/02/22 23:00:00,A,REN,PC,LV,2012,35.709,
ESTAT:NRG_IND_REN$DEFAULTVIEW(1.0),01/02/22 23:00:00,A,REN,PC,LV,2013,37.037,
ESTAT:NRG_IND_REN$DEFAULTVIEW(1.0),01/02/22 23:00:00,A,REN,PC,LV,2014,38.629,
ESTAT:NRG_IND_REN$DEFAULTVIEW(1.0),01/02/22 23:00:00,A,REN,PC,LV,2015,37.538,
ESTAT:NRG_IND_REN$DEFAULTVIEW(1.0),01/02/22 23:00:00,A,REN,PC,LV,2016,37.138,
ESTAT:NRG_IND_REN$DEFAULTVIEW(1.0),01/02/22 23:00:00,A,REN,PC,LV,2017,39.008,
ESTAT:NRG_IND_REN$DEFAULTVIEW(1.0),01/02/22 23:00:00,A,REN,PC,LV,2018,40.019,
ESTAT:NRG_IND_REN$DEFAULTVIEW(1.0),01/02/22 23:00:00,A,REN,PC,LV,2019,40.929,
ESTAT:NRG_IND_REN$DEFAULTVIEW(1.0),01/02/22 23:00:00,A,REN,PC,LV,2020,42.132,
ESTAT:NRG_IND_REN$DEFAULTVIEW(1.0),01/02/22 23:00:00,A,REN,PC,MD,2011,22.081,
ESTAT:NRG_IND_REN$DEFAULTVIEW(1.0),01/02/22 23:00:00,A,REN,PC,MD,2012,24.328,
ESTAT:NRG_IND_REN$DEFAULTVIEW(1.0),01/02/22 23:00:00,A,REN,PC,MD,2013,24.420,
ESTAT:NRG_IND_REN$DEFAULTVIEW(1.0),01/02/22 23:00:00,A,REN,PC,MD,2014,26.169,
ESTAT:NRG_IND_REN$DEFAULTVIEW(1.0),01/02/22 23:00:00,A,REN,PC,MD,2015,26.173,
ESTAT:NRG_IND_REN$DEFAULTVIEW(1.0),01/02/22 23:00:00,A,REN,PC,MD,2016,26.888,
ESTAT:NRG_IND_REN$DEFAULTVIEW(1.0),01/02/22 23:00:00,A,REN,PC,MD,2017,27.836,
ESTAT:NRG_IND_REN$DEFAULTVIEW(1.0),01/02/22 23:00:00,A,REN,PC,MD,2018,27.476,
ESTAT:NRG_IND_REN$DEFAULTVIEW(1.0),01/02/22 23:00:00,A,REN,PC,MD,2019,23.844,
ESTAT:NRG_IND_REN$DEFAULTVIEW(1.0),01/02/22 23:00:00,A,REN,PC,MD,2020,25.057,
ESTAT:NRG_IND_REN$DEFAULTVIEW(1.0),01/02/22 23:00:00,A,REN,PC,ME,2011,40.648,
ESTAT:NRG_IND_REN$DEFAULTVIEW(1.0),01/02/22 23:00:00,A,REN,PC,ME,2012,41.513,
ESTAT:NRG_IND_REN$DEFAULTVIEW(1.0),01/02/22 23:00:00,A,REN,PC,ME,2013,43.696,
ESTAT:NRG_IND_REN$DEFAULTVIEW(1.0),01/02/22 23:00:00,A,REN,PC,ME,2014,44.098,
ESTAT:NRG_IND_REN$DEFAULTVIEW(1.0),01/02/22 23:00:00,A,REN,PC,ME,2015,43.073,
ESTAT:NRG_IND_REN$DEFAULTVIEW(1.0),01/02/22 23:00:00,A,REN,PC,ME,2016,41.529,
ESTAT:NRG_IND_REN$DEFAULTVIEW(1.0),01/02/22 23:00:00,A,REN,PC,ME,2017,39.693,
ESTAT:NRG_IND_REN$DEFAULTVIEW(1.0),01/02/22 23:00:00,A,REN,PC,ME,2018,38.801,
ESTAT:NRG_IND_REN$DEFAULTVIEW(1.0),01/02/22 23:00:00,A,REN,PC,ME,2019,37.722,
ESTAT:NRG_IND_REN$DEFAULTVIEW(1.0),01/02/22 23:00:00,A,REN,PC,ME,2020,43.770,
ESTAT:NRG_IND_REN$DEFAULTVIEW(1.0),01/02/22 23:00:00,A,REN,PC,MK,2011,16.407,
ESTAT:NRG_IND_REN$DEFAULTVIEW(1.0),01/02/22 23:00:00,A,REN,PC,MK,2012,18.128,
ESTAT:NRG_IND_REN$DEFAULTVIEW(1.0),01/02/22 23:00:00,A,REN,PC,MK,2013,18.509,
ESTAT:NRG_IND_REN$DEFAULTVIEW(1.0),01/02/22 23:00:00,A,REN,PC,MK,2014,19.559,
ESTAT:NRG_IND_REN$DEFAULTVIEW(1.0),01/02/22 23:00:00,A,REN,PC,MK,2015,19.526,
ESTAT:NRG_IND_REN$DEFAULTVIEW(1.0),01/02/22 23:00:00,A,REN,PC,MK,2016,18.044,
ESTAT:NRG_IND_REN$DEFAULTVIEW(1.0),01/02/22 23:00:00,A,REN,PC,MK,2017,19.636,
ESTAT:NRG_IND_REN$DEFAULTVIEW(1.0),01/02/22 23:00:00,A,REN,PC,MK,2018,18.179,
ESTAT:NRG_IND_REN$DEFAULTVIEW(1.0),01/02/22 23:00:00,A,REN,PC,MK,2019,17.485,
ESTAT:NRG_IND_REN$DEFAULTVIEW(1.0),01/02/22 23:00:00,A,REN,PC,MK,2020,19.222,
ESTAT:NRG_IND_REN$DEFAULTVIEW(1.0),01/02/22 23:00:00,A,REN,PC,MT,2011,1.850,
ESTAT:NRG_IND_REN$DEFAULTVIEW(1.0),01/02/22 23:00:00,A,REN,PC,MT,2012,2.862,
ESTAT:NRG_IND_REN$DEFAULTVIEW(1.0),01/02/22 23:00:00,A,REN,PC,MT,2013,3.760,
ESTAT:NRG_IND_REN$DEFAULTVIEW(1.0),01/02/22 23:00:00,A,REN,PC,MT,2014,4.744,
ESTAT:NRG_IND_REN$DEFAULTVIEW(1.0),01/02/22 23:00:00,A,REN,PC,MT,2015,5.119,
ESTAT:NRG_IND_REN$DEFAULTVIEW(1.0),01/02/22 23:00:00,A,REN,PC,MT,2016,6.208,
ESTAT:NRG_IND_REN$DEFAULTVIEW(1.0),01/02/22 23:00:00,A,REN,PC,MT,2017,7.219,
ESTAT:NRG_IND_REN$DEFAULTVIEW(1.0),01/02/22 23:00:00,A,REN,PC,MT,2018,7.914,
ESTAT:NRG_IND_REN$DEFAULTVIEW(1.0),01/02/22 23:00:00,A,REN,PC,MT,2019,8.230,
ESTAT:NRG_IND_REN$DEFAULTVIEW(1.0),01/02/22 23:00:00,A,REN,PC,MT,2020,10.714,
ESTAT:NRG_IND_REN$DEFAULTVIEW(1.0),01/02/22 23:00:00,A,REN,PC,NL,2011,4.524,
ESTAT:NRG_IND_REN$DEFAULTVIEW(1.0),01/02/22 23:00:00,A,REN,PC,NL,2012,4.659,
ESTAT:NRG_IND_REN$DEFAULTVIEW(1.0),01/02/22 23:00:00,A,REN,PC,NL,2013,4.691,
ESTAT:NRG_IND_REN$DEFAULTVIEW(1.0),01/02/22 23:00:00,A,REN,PC,NL,2014,5.415,
ESTAT:NRG_IND_REN$DEFAULTVIEW(1.0),01/02/22 23:00:00,A,REN,PC,NL,2015,5.714,
ESTAT:NRG_IND_REN$DEFAULTVIEW(1.0),01/02/22 23:00:00,A,REN,PC,NL,2016,5.846,
ESTAT:NRG_IND_REN$DEFAULTVIEW(1.0),01/02/22 23:00:00,A,REN,PC,NL,2017,6.507,
ESTAT:NRG_IND_REN$DEFAULTVIEW(1.0),01/02/22 23:00:00,A,REN,PC,NL,2018,7.394,
ESTAT:NRG_IND_REN$DEFAULTVIEW(1.0),01/02/22 23:00:00,A,REN,PC,NL,2019,8.886,
ESTAT:NRG_IND_REN$DEFAULTVIEW(1.0),01/02/22 23:00:00,A,REN,PC,NL,2020,13.999,
ESTAT:NRG_IND_REN$DEFAULTVIEW(1.0),01/02/22 23:00:00,A,REN,PC,NO,2011,64.638,
ESTAT:NRG_IND_REN$DEFAULTVIEW(1.0),01/02/22 23:00:00,A,REN,PC,NO,2012,64.932,
ESTAT:NRG_IND_REN$DEFAULTVIEW(1.0),01/02/22 23:00:00,A,REN,PC,NO,2013,66.480,
ESTAT:NRG_IND_REN$DEFAULTVIEW(1.0),01/02/22 23:00:00,A,REN,PC,NO,2014,68.406,
ESTAT:NRG_IND_REN$DEFAULTVIEW(1.0),01/02/22 23:00:00,A,REN,PC,NO,2015,68.545,
ESTAT:NRG_IND_REN$DEFAULTVIEW(1.0),01/02/22 23:00:00,A,REN,PC,NO,2016,69.235,
ESTAT:NRG_IND_REN$DEFAULTVIEW(1.0),01/02/22 23:00:00,A,REN,PC,NO,2017,70.036,
ESTAT:NRG_IND_REN$DEFAULTVIEW(1.0),01/02/22 23:00:00,A,REN,PC,NO,2018,71.566,
ESTAT:NRG_IND_REN$DEFAULTVIEW(1.0),01/02/22 23:00:00,A,REN,PC,NO,2019,74.406,
ESTAT:NRG_IND_REN$DEFAULTVIEW(1.0),01/02/22 23:00:00,A,REN,PC,NO,2020,77.358,
ESTAT:NRG_IND_REN$DEFAULTVIEW(1.0),01/02/22 23:00:00,A,REN,PC,PL,2011,10.337,
ESTAT:NRG_IND_REN$DEFAULTVIEW(1.0),01/02/22 23:00:00,A,REN,PC,PL,2012,10.955,
ESTAT:NRG_IND_REN$DEFAULTVIEW(1.0),01/02/22 23:00:00,A,REN,PC,PL,2013,11.452,
ESTAT:NRG_IND_REN$DEFAULTVIEW(1.0),01/02/22 23:00:00,A,REN,PC,PL,2014,11.605,
ESTAT:NRG_IND_REN$DEFAULTVIEW(1.0),01/02/22 23:00:00,A,REN,PC,PL,2015,11.881,
ESTAT:NRG_IND_REN$DEFAULTVIEW(1.0),01/02/22 23:00:00,A,REN,PC,PL,2016,11.396,
ESTAT:NRG_IND_REN$DEFAULTVIEW(1.0),01/02/22 23:00:00,A,REN,PC,PL,2017,11.059,
ESTAT:NRG_IND_REN$DEFAULTVIEW(1.0),01/02/22 23:00:00,A,REN,PC,PL,2018,14.936,
ESTAT:NRG_IND_REN$DEFAULTVIEW(1.0),01/02/22 23:00:00,A,REN,PC,PL,2019,15.377,
ESTAT:NRG_IND_REN$DEFAULTVIEW(1.0),01/02/22 23:00:00,A,REN,PC,PL,2020,16.102,
ESTAT:NRG_IND_REN$DEFAULTVIEW(1.0),01/02/22 23:00:00,A,REN,PC,PT,2011,24.603,
ESTAT:NRG_IND_REN$DEFAULTVIEW(1.0),01/02/22 23:00:00,A,REN,PC,PT,2012,24.574,
ESTAT:NRG_IND_REN$DEFAULTVIEW(1.0),01/02/22 23:00:00,A,REN,PC,PT,2013,25.700,
ESTAT:NRG_IND_REN$DEFAULTVIEW(1.0),01/02/22 23:00:00,A,REN,PC,PT,2014,29.508,
ESTAT:NRG_IND_REN$DEFAULTVIEW(1.0),01/02/22 23:00:00,A,REN,PC,PT,2015,30.514,
ESTAT:NRG_IND_REN$DEFAULTVIEW(1.0),01/02/22 23:00:00,A,REN,PC,PT,2016,30.864,
ESTAT:NRG_IND_REN$DEFAULTVIEW(1.0),01/02/22 23:00:00,A,REN,PC,PT,2017,30.611,
ESTAT:NRG_IND_REN$DEFAULTVIEW(1.0),01/02/22 23:00:00,A,REN,PC,PT,2018,30.203,
ESTAT:NRG_IND_REN$DEFAULTVIEW(1.0),01/02/22 23:00:00,A,REN,PC,PT,2019,30.623,
ESTAT:NRG_IND_REN$DEFAULTVIEW(1.0),01/02/22 23:00:00,A,REN,PC,PT,2020,33.982,
ESTAT:NRG_IND_REN$DEFAULTVIEW(1.0),01/02/22 23:00:00,A,REN,PC,RO,2011,21.743,
ESTAT:NRG_IND_REN$DEFAULTVIEW(1.0),01/02/22 23:00:00,A,REN,PC,RO,2012,22.825,
ESTAT:NRG_IND_REN$DEFAULTVIEW(1.0),01/02/22 23:00:00,A,REN,PC,RO,2013,23.886,
ESTAT:NRG_IND_REN$DEFAULTVIEW(1.0),01/02/22 23:00:00,A,REN,PC,RO,2014,24.845,
ESTAT:NRG_IND_REN$DEFAULTVIEW(1.0),01/02/22 23:00:00,A,REN,PC,RO,2015,24.785,
ESTAT:NRG_IND_REN$DEFAULTVIEW(1.0),01/02/22 23:00:00,A,REN,PC,RO,2016,25.032,
ESTAT:NRG_IND_REN$DEFAULTVIEW(1.0),01/02/22 23:00:00,A,REN,PC,RO,2017,24.454,
ESTAT:NRG_IND_REN$DEFAULTVIEW(1.0),01/02/22 23:00:00,A,REN,PC,RO,2018,23.875,
ESTAT:NRG_IND_REN$DEFAULTVIEW(1.0),01/02/22 23:00:00,A,REN,PC,RO,2019,24.290,
ESTAT:NRG_IND_REN$DEFAULTVIEW(1.0),01/02/22 23:00:00,A,REN,PC,RO,2020,24.478,
ESTAT:NRG_IND_REN$DEFAULTVIEW(1.0),01/02/22 23:00:00,A,REN,PC,RS,2011,19.118,
ESTAT:NRG_IND_REN$DEFAULTVIEW(1.0),01/02/22 23:00:00,A,REN,PC,RS,2012,20.790,
ESTAT:NRG_IND_REN$DEFAULTVIEW(1.0),01/02/22 23:00:00,A,REN,PC,RS,2013,21.095,
ESTAT:NRG_IND_REN$DEFAULTVIEW(1.0),01/02/22 23:00:00,A,REN,PC,RS,2014,22.864,
ESTAT:NRG_IND_REN$DEFAULTVIEW(1.0),01/02/22 23:00:00,A,REN,PC,RS,2015,21.989,
ESTAT:NRG_IND_REN$DEFAULTVIEW(1.0),01/02/22 23:00:00,A,REN,PC,RS,2016,21.147,
ESTAT:NRG_IND_REN$DEFAULTVIEW(1.0),01/02/22 23:00:00,A,REN,PC,RS,2017,20.287,
ESTAT:NRG_IND_REN$DEFAULTVIEW(1.0),01/02/22 23:00:00,A,REN,PC,RS,2018,20.320,
ESTAT:NRG_IND_REN$DEFAULTVIEW(1.0),01/02/22 23:00:00,A,REN,PC,RS,2019,21.443,
ESTAT:NRG_IND_REN$DEFAULTVIEW(1.0),01/02/22 23:00:00,A,REN,PC,RS,2020,25.983,
ESTAT:NRG_IND_REN$DEFAULTVIEW(1.0),01/02/22 23:00:00,A,REN,PC,SE,2011,47.632,
ESTAT:NRG_IND_REN$DEFAULTVIEW(1.0),01/02/22 23:00:00,A,REN,PC,SE,2012,49.403,
ESTAT:NRG_IND_REN$DEFAULTVIEW(1.0),01/02/22 23:00:00,A,REN,PC,SE,2013,50.153,
ESTAT:NRG_IND_REN$DEFAULTVIEW(1.0),01/02/22 23:00:00,A,REN,PC,SE,2014,51.151,
ESTAT:NRG_IND_REN$DEFAULTVIEW(1.0),01/02/22 23:00:00,A,REN,PC,SE,2015,52.220,
ESTAT:NRG_IND_REN$DEFAULTVIEW(1.0),01/02/22 23:00:00,A,REN,PC,SE,2016,52.597,
ESTAT:NRG_IND_REN$DEFAULTVIEW(1.0),01/02/22 23:00:00,A,REN,PC,SE,2017,53.390,
ESTAT:NRG_IND_REN$DEFAULTVIEW(1.0),01/02/22 23:00:00,A,REN,PC,SE,2018,53.916,
ESTAT:NRG_IND_REN$DEFAULTVIEW(1.0),01/02/22 23:00:00,A,REN,PC,SE,2019,55.785,
ESTAT:NRG_IND_REN$DEFAULTVIEW(1.0),01/02/22 23:00:00,A,REN,PC,SE,2020,60.124,
ESTAT:NRG_IND_REN$DEFAULTVIEW(1.0),01/02/22 23:00:00,A,REN,PC,SI,2011,20.937,
ESTAT:NRG_IND_REN$DEFAULTVIEW(1.0),01/02/22 23:00:00,A,REN,PC,SI,2012,21.551,
ESTAT:NRG_IND_REN$DEFAULTVIEW(1.0),01/02/22 23:00:00,A,REN,PC,SI,2013,23.161,
ESTAT:NRG_IND_REN$DEFAULTVIEW(1.0),01/02/22 23:00:00,A,REN,PC,SI,2014,22.459,
ESTAT:NRG_IND_REN$DEFAULTVIEW(1.0),01/02/22 23:00:00,A,REN,PC,SI,2015,22.879,
ESTAT:NRG_IND_REN$DEFAULTVIEW(1.0),01/02/22 23:00:00,A,REN,PC,SI,2016,21.975,
ESTAT:NRG_IND_REN$DEFAULTVIEW(1.0),01/02/22 23:00:00,A,REN,PC,SI,2017,21.658,
ESTAT:NRG_IND_REN$DEFAULTVIEW(1.0),01/02/22 23:00:00,A,REN,PC,SI,2018,21.378,
ESTAT:NRG_IND_REN$DEFAULTVIEW(1.0),01/02/22 23:00:00,A,REN,PC,SI,2019,21.968,
ESTAT:NRG_IND_REN$DEFAULTVIEW(1.0),01/02/22 23:00:00,A,REN,PC,SI,2020,25.000,
ESTAT:NRG_IND_REN$DEFAULTVIEW(1.0),01/02/22 23:00:00,A,REN,PC,SK,2011,10.348,
ESTAT:NRG_IND_REN$DEFAULTVIEW(1.0),01/02/22 23:00:00,A,REN,PC,SK,2012,10.453,
ESTAT:NRG_IND_REN$DEFAULTVIEW(1.0),01/02/22 23:00:00,A,REN,PC,SK,2013,10.133,
ESTAT:NRG_IND_REN$DEFAULTVIEW(1.0),01/02/22 23:00:00,A,REN,PC,SK,2014,11.713,
ESTAT:NRG_IND_REN$DEFAULTVIEW(1.0),01/02/22 23:00:00,A,REN,PC,SK,2015,12.883,
ESTAT:NRG_IND_REN$DEFAULTVIEW(1.0),01/02/22 23:00:00,A,REN,PC,SK,2016,12.029,
ESTAT:NRG_IND_REN$DEFAULTVIEW(1.0),01/02/22 23:00:00,A,REN,PC,SK,2017,11.465,
ESTAT:NRG_IND_REN$DEFAULTVIEW(1.0),01/02/22 23:00:00,A,REN,PC,SK,2018,11.896,
ESTAT:NRG_IND_REN$DEFAULTVIEW(1.0),01/02/22 23:00:00,A,REN,PC,SK,2019,16.894,
ESTAT:NRG_IND_REN$DEFAULTVIEW(1.0),01/02/22 23:00:00,A,REN,PC,SK,2020,17.345,
ESTAT:NRG_IND_REN$DEFAULTVIEW(1.0),01/02/22 23:00:00,A,REN,PC,UK,2011,4.392,
ESTAT:NRG_IND_REN$DEFAULTVIEW(1.0),01/02/22 23:00:00,A,REN,PC,UK,2012,4.461,
ESTAT:NRG_IND_REN$DEFAULTVIEW(1.0),01/02/22 23:00:00,A,REN,PC,UK,2013,5.524,
ESTAT:NRG_IND_REN$DEFAULTVIEW(1.0),01/02/22 23:00:00,A,REN,PC,UK,2014,6.737,
ESTAT:NRG_IND_REN$DEFAULTVIEW(1.0),01/02/22 23:00:00,A,REN,PC,UK,2015,8.385,
ESTAT:NRG_IND_REN$DEFAULTVIEW(1.0),01/02/22 23:00:00,A,REN,PC,UK,2016,9.032,
ESTAT:NRG_IND_REN$DEFAULTVIEW(1.0),01/02/22 23:00:00,A,REN,PC,UK,2017,9.858,
ESTAT:NRG_IND_REN$DEFAULTVIEW(1.0),01/02/22 23:00:00,A,REN,PC,UK,2018,11.138,
ESTAT:NRG_IND_REN$DEFAULTVIEW(1.0),01/02/22 23:00:00,A,REN,PC,UK,2019,12.336,
ESTAT:NRG_IND_REN$DEFAULTVIEW(1.0),01/02/22 23:00:00,A,REN,PC,XK,2011,17.598,
ESTAT:NRG_IND_REN$DEFAULTVIEW(1.0),01/02/22 23:00:00,A,REN,PC,XK,2012,18.625,
ESTAT:NRG_IND_REN$DEFAULTVIEW(1.0),01/02/22 23:00:00,A,REN,PC,XK,2013,18.823,
ESTAT:NRG_IND_REN$DEFAULTVIEW(1.0),01/02/22 23:00:00,A,REN,PC,XK,2014,19.544,
ESTAT:NRG_IND_REN$DEFAULTVIEW(1.0),01/02/22 23:00:00,A,REN,PC,XK,2015,18.484,
ESTAT:NRG_IND_REN$DEFAULTVIEW(1.0),01/02/22 23:00:00,A,REN,PC,XK,2016,24.472,
ESTAT:NRG_IND_REN$DEFAULTVIEW(1.0),01/02/22 23:00:00,A,REN,PC,XK,2017,23.082,
ESTAT:NRG_IND_REN$DEFAULTVIEW(1.0),01/02/22 23:00:00,A,REN,PC,XK,2018,24.616,
ESTAT:NRG_IND_REN$DEFAULTVIEW(1.0),01/02/22 23:00:00,A,REN,PC,XK,2019,24.215,
ESTAT:NRG_IND_REN$DEFAULTVIEW(1.0),01/02/22 23:00:00,A,REN,PC,XK,2020,24.401,
